<?xml version="1.0" encoding="UTF-8"?>
<GVConfig version="1.0">

  <GVCryptoHelper key-store-folder="keystores" name="CRYPTO_HELPER" type="module"/>

  <GVPoolManager name="POOL_MANAGER" type="module">

        <GreenVulcanoPool default-timeout="5000" initial-size="1" maximum-creation="16"
                          maximum-size="16" shrink-timeout="120000"
                          subsystem="gvapi"/>
	</GVPoolManager>

  <GVPolicy name="POLICY_MANAGER" type="module">
		<Roles>
			<Role name="gvadmin">
				<Description>Platform administrator</Description>
			</Role>
			<Role name="gvmanager">
			    <Description>Deploy manager</Description>
			</Role>
		</Roles>
		<Addresses>
			<AddressSet name="local">
				<Description>AddressSet description</Description>
				<Address address="127.0.0.1" />
			</AddressSet>
		</Addresses>
		<ACLGreenVulcano class="it.greenvulcano.gvesb.policy.impl.ACLGreenVulcano"
			type="acl-manager">
			<DefaultRes type="resource" />
		</ACLGreenVulcano>
	</GVPolicy>

	<GVConcurrencyHandler name="CONCURRENCY_HANDLER"
		type="module">
		<SubSystems>
			<SubSystem name="GVCore"/>
		</SubSystems>
	</GVConcurrencyHandler>

</GVConfig>
