<?xml version="1.0" encoding="UTF-8"?>
<GVConfig version="1.0">

  <GVCryptoHelper key-store-folder="keystores" name="CRYPTO_HELPER" type="module"/>

  <GVPoolManager name="POOL_MANAGER" type="module">

        <GreenVulcanoPool default-timeout="8000" initial-size="4" maximum-creation="32"
                          maximum-size="8" shrink-timeout="160000"
                          subsystem="default-pool"/>
	</GVPoolManager>  

	<GVConcurrencyHandler name="CONCURRENCY_HANDLER"
		type="module">
		<SubSystems>
			<SubSystem name="GVCore"/>
		</SubSystems>
	</GVConcurrencyHandler>

</GVConfig>
